query,doc_id,relevant
LCMS results for MOL00000,LCMS_MOL00000,1
LCMS results for MOL00000,HPLC_MOL00000,0
LCMS results for MOL00001,LCMS_MOL00001,1
LCMS results for MOL00001,HPLC_MOL00001,0
LCMS results for MOL00002,LCMS_MOL00002,1
LCMS results for MOL00002,HPLC_MOL00002,0
LCMS results for MOL00003,LCMS_MOL00003,1
LCMS results for MOL00003,HPLC_MOL00003,0
LCMS results for MOL00004,LCMS_MOL00004,1
LCMS results for MOL00004,HPLC_MOL00004,0
LCMS results for MOL00005,LCMS_MOL00005,1
LCMS results for MOL00005,HPLC_MOL00005,0
LCMS results for MOL00006,LCMS_MOL00006,1
LCMS results for MOL00006,HPLC_MOL00006,0
LCMS results for MOL00007,LCMS_MOL00007,1
LCMS results for MOL00007,HPLC_MOL00007,0
LCMS results for MOL00008,LCMS_MOL00008,1
LCMS results for MOL00008,HPLC_MOL00008,0
LCMS results for MOL00009,LCMS_MOL00009,1
LCMS results for MOL00009,HPLC_MOL00009,0
LCMS results for MOL00010,LCMS_MOL00010,1
LCMS results for MOL00010,HPLC_MOL00010,0
LCMS results for MOL00011,LCMS_MOL00011,1
LCMS results for MOL00011,HPLC_MOL00011,0
LCMS results for MOL00012,LCMS_MOL00012,1
LCMS results for MOL00012,HPLC_MOL00012,0
LCMS results for MOL00013,LCMS_MOL00013,1
LCMS results for MOL00013,HPLC_MOL00013,0
LCMS results for MOL00014,LCMS_MOL00014,1
LCMS results for MOL00014,HPLC_MOL00014,0
LCMS results for MOL00015,LCMS_MOL00015,1
LCMS results for MOL00015,HPLC_MOL00015,0
LCMS results for MOL00016,LCMS_MOL00016,1
LCMS results for MOL00016,HPLC_MOL00016,0
LCMS results for MOL00017,LCMS_MOL00017,1
LCMS results for MOL00017,HPLC_MOL00017,0
LCMS results for MOL00018,LCMS_MOL00018,1
LCMS results for MOL00018,HPLC_MOL00018,0
LCMS results for MOL00019,LCMS_MOL00019,1
LCMS results for MOL00019,HPLC_MOL00019,0
LCMS results for MOL00020,LCMS_MOL00020,1
LCMS results for MOL00020,HPLC_MOL00020,0
LCMS results for MOL00021,LCMS_MOL00021,1
LCMS results for MOL00021,HPLC_MOL00021,0
LCMS results for MOL00022,LCMS_MOL00022,1
LCMS results for MOL00022,HPLC_MOL00022,0
LCMS results for MOL00023,LCMS_MOL00023,1
LCMS results for MOL00023,HPLC_MOL00023,0
LCMS results for MOL00024,LCMS_MOL00024,1
LCMS results for MOL00024,HPLC_MOL00024,0
LCMS results for MOL00025,LCMS_MOL00025,1
LCMS results for MOL00025,HPLC_MOL00025,0
LCMS results for MOL00026,LCMS_MOL00026,1
LCMS results for MOL00026,HPLC_MOL00026,0
LCMS results for MOL00027,LCMS_MOL00027,1
LCMS results for MOL00027,HPLC_MOL00027,0
LCMS results for MOL00028,LCMS_MOL00028,1
LCMS results for MOL00028,HPLC_MOL00028,0
LCMS results for MOL00029,LCMS_MOL00029,1
LCMS results for MOL00029,HPLC_MOL00029,0
LCMS results for MOL00030,LCMS_MOL00030,1
LCMS results for MOL00030,HPLC_MOL00030,0
LCMS results for MOL00031,LCMS_MOL00031,1
LCMS results for MOL00031,HPLC_MOL00031,0
LCMS results for MOL00032,LCMS_MOL00032,1
LCMS results for MOL00032,HPLC_MOL00032,0
LCMS results for MOL00033,LCMS_MOL00033,1
LCMS results for MOL00033,HPLC_MOL00033,0
LCMS results for MOL00034,LCMS_MOL00034,1
LCMS results for MOL00034,HPLC_MOL00034,0
LCMS results for MOL00035,LCMS_MOL00035,1
LCMS results for MOL00035,HPLC_MOL00035,0
LCMS results for MOL00036,LCMS_MOL00036,1
LCMS results for MOL00036,HPLC_MOL00036,0
LCMS results for MOL00037,LCMS_MOL00037,1
LCMS results for MOL00037,HPLC_MOL00037,0
LCMS results for MOL00038,LCMS_MOL00038,1
LCMS results for MOL00038,HPLC_MOL00038,0
LCMS results for MOL00039,LCMS_MOL00039,1
LCMS results for MOL00039,HPLC_MOL00039,0
LCMS results for MOL00040,LCMS_MOL00040,1
LCMS results for MOL00040,HPLC_MOL00040,0
LCMS results for MOL00041,LCMS_MOL00041,1
LCMS results for MOL00041,HPLC_MOL00041,0
LCMS results for MOL00042,LCMS_MOL00042,1
LCMS results for MOL00042,HPLC_MOL00042,0
LCMS results for MOL00043,LCMS_MOL00043,1
LCMS results for MOL00043,HPLC_MOL00043,0
LCMS results for MOL00044,LCMS_MOL00044,1
LCMS results for MOL00044,HPLC_MOL00044,0
LCMS results for MOL00045,LCMS_MOL00045,1
LCMS results for MOL00045,HPLC_MOL00045,0
LCMS results for MOL00046,LCMS_MOL00046,1
LCMS results for MOL00046,HPLC_MOL00046,0
LCMS results for MOL00047,LCMS_MOL00047,1
LCMS results for MOL00047,HPLC_MOL00047,0
LCMS results for MOL00048,LCMS_MOL00048,1
LCMS results for MOL00048,HPLC_MOL00048,0
LCMS results for MOL00049,LCMS_MOL00049,1
LCMS results for MOL00049,HPLC_MOL00049,0
LCMS results for MOL00050,LCMS_MOL00050,1
LCMS results for MOL00050,HPLC_MOL00050,0
LCMS results for MOL00051,LCMS_MOL00051,1
LCMS results for MOL00051,HPLC_MOL00051,0
LCMS results for MOL00052,LCMS_MOL00052,1
LCMS results for MOL00052,HPLC_MOL00052,0
LCMS results for MOL00053,LCMS_MOL00053,1
LCMS results for MOL00053,HPLC_MOL00053,0
LCMS results for MOL00054,LCMS_MOL00054,1
LCMS results for MOL00054,HPLC_MOL00054,0
LCMS results for MOL00055,LCMS_MOL00055,1
LCMS results for MOL00055,HPLC_MOL00055,0
LCMS results for MOL00056,LCMS_MOL00056,1
LCMS results for MOL00056,HPLC_MOL00056,0
LCMS results for MOL00057,LCMS_MOL00057,1
LCMS results for MOL00057,HPLC_MOL00057,0
LCMS results for MOL00058,LCMS_MOL00058,1
LCMS results for MOL00058,HPLC_MOL00058,0
LCMS results for MOL00059,LCMS_MOL00059,1
LCMS results for MOL00059,HPLC_MOL00059,0
LCMS results for MOL00060,LCMS_MOL00060,1
LCMS results for MOL00060,HPLC_MOL00060,0
LCMS results for MOL00061,LCMS_MOL00061,1
LCMS results for MOL00061,HPLC_MOL00061,0
LCMS results for MOL00062,LCMS_MOL00062,1
LCMS results for MOL00062,HPLC_MOL00062,0
LCMS results for MOL00063,LCMS_MOL00063,1
LCMS results for MOL00063,HPLC_MOL00063,0
LCMS results for MOL00064,LCMS_MOL00064,1
LCMS results for MOL00064,HPLC_MOL00064,0
LCMS results for MOL00065,LCMS_MOL00065,1
LCMS results for MOL00065,HPLC_MOL00065,0
LCMS results for MOL00066,LCMS_MOL00066,1
LCMS results for MOL00066,HPLC_MOL00066,0
LCMS results for MOL00067,LCMS_MOL00067,1
LCMS results for MOL00067,HPLC_MOL00067,0
LCMS results for MOL00068,LCMS_MOL00068,1
LCMS results for MOL00068,HPLC_MOL00068,0
LCMS results for MOL00069,LCMS_MOL00069,1
LCMS results for MOL00069,HPLC_MOL00069,0
LCMS results for MOL00070,LCMS_MOL00070,1
LCMS results for MOL00070,HPLC_MOL00070,0
LCMS results for MOL00071,LCMS_MOL00071,1
LCMS results for MOL00071,HPLC_MOL00071,0
LCMS results for MOL00072,LCMS_MOL00072,1
LCMS results for MOL00072,HPLC_MOL00072,0
LCMS results for MOL00073,LCMS_MOL00073,1
LCMS results for MOL00073,HPLC_MOL00073,0
LCMS results for MOL00074,LCMS_MOL00074,1
LCMS results for MOL00074,HPLC_MOL00074,0
LCMS results for MOL00075,LCMS_MOL00075,1
LCMS results for MOL00075,HPLC_MOL00075,0
LCMS results for MOL00076,LCMS_MOL00076,1
LCMS results for MOL00076,HPLC_MOL00076,0
LCMS results for MOL00077,LCMS_MOL00077,1
LCMS results for MOL00077,HPLC_MOL00077,0
LCMS results for MOL00078,LCMS_MOL00078,1
LCMS results for MOL00078,HPLC_MOL00078,0
LCMS results for MOL00079,LCMS_MOL00079,1
LCMS results for MOL00079,HPLC_MOL00079,0
LCMS results for MOL00080,LCMS_MOL00080,1
LCMS results for MOL00080,HPLC_MOL00080,0
LCMS results for MOL00081,LCMS_MOL00081,1
LCMS results for MOL00081,HPLC_MOL00081,0
LCMS results for MOL00082,LCMS_MOL00082,1
LCMS results for MOL00082,HPLC_MOL00082,0
LCMS results for MOL00083,LCMS_MOL00083,1
LCMS results for MOL00083,HPLC_MOL00083,0
LCMS results for MOL00084,LCMS_MOL00084,1
LCMS results for MOL00084,HPLC_MOL00084,0
LCMS results for MOL00085,LCMS_MOL00085,1
LCMS results for MOL00085,HPLC_MOL00085,0
LCMS results for MOL00086,LCMS_MOL00086,1
LCMS results for MOL00086,HPLC_MOL00086,0
LCMS results for MOL00087,LCMS_MOL00087,1
LCMS results for MOL00087,HPLC_MOL00087,0
LCMS results for MOL00088,LCMS_MOL00088,1
LCMS results for MOL00088,HPLC_MOL00088,0
LCMS results for MOL00089,LCMS_MOL00089,1
LCMS results for MOL00089,HPLC_MOL00089,0
LCMS results for MOL00090,LCMS_MOL00090,1
LCMS results for MOL00090,HPLC_MOL00090,0
LCMS results for MOL00091,LCMS_MOL00091,1
LCMS results for MOL00091,HPLC_MOL00091,0
LCMS results for MOL00092,LCMS_MOL00092,1
LCMS results for MOL00092,HPLC_MOL00092,0
LCMS results for MOL00093,LCMS_MOL00093,1
LCMS results for MOL00093,HPLC_MOL00093,0
LCMS results for MOL00094,LCMS_MOL00094,1
LCMS results for MOL00094,HPLC_MOL00094,0
LCMS results for MOL00095,LCMS_MOL00095,1
LCMS results for MOL00095,HPLC_MOL00095,0
LCMS results for MOL00096,LCMS_MOL00096,1
LCMS results for MOL00096,HPLC_MOL00096,0
LCMS results for MOL00097,LCMS_MOL00097,1
LCMS results for MOL00097,HPLC_MOL00097,0
LCMS results for MOL00098,LCMS_MOL00098,1
LCMS results for MOL00098,HPLC_MOL00098,0
LCMS results for MOL00099,LCMS_MOL00099,1
LCMS results for MOL00099,HPLC_MOL00099,0
LCMS results for MOL00100,LCMS_MOL00100,1
LCMS results for MOL00100,HPLC_MOL00100,0
LCMS results for MOL00101,LCMS_MOL00101,1
LCMS results for MOL00101,HPLC_MOL00101,0
LCMS results for MOL00102,LCMS_MOL00102,1
LCMS results for MOL00102,HPLC_MOL00102,0
LCMS results for MOL00103,LCMS_MOL00103,1
LCMS results for MOL00103,HPLC_MOL00103,0
LCMS results for MOL00104,LCMS_MOL00104,1
LCMS results for MOL00104,HPLC_MOL00104,0
LCMS results for MOL00105,LCMS_MOL00105,1
LCMS results for MOL00105,HPLC_MOL00105,0
LCMS results for MOL00106,LCMS_MOL00106,1
LCMS results for MOL00106,HPLC_MOL00106,0
LCMS results for MOL00107,LCMS_MOL00107,1
LCMS results for MOL00107,HPLC_MOL00107,0
LCMS results for MOL00108,LCMS_MOL00108,1
LCMS results for MOL00108,HPLC_MOL00108,0
LCMS results for MOL00109,LCMS_MOL00109,1
LCMS results for MOL00109,HPLC_MOL00109,0
LCMS results for MOL00110,LCMS_MOL00110,1
LCMS results for MOL00110,HPLC_MOL00110,0
LCMS results for MOL00111,LCMS_MOL00111,1
LCMS results for MOL00111,HPLC_MOL00111,0
LCMS results for MOL00112,LCMS_MOL00112,1
LCMS results for MOL00112,HPLC_MOL00112,0
LCMS results for MOL00113,LCMS_MOL00113,1
LCMS results for MOL00113,HPLC_MOL00113,0
LCMS results for MOL00114,LCMS_MOL00114,1
LCMS results for MOL00114,HPLC_MOL00114,0
LCMS results for MOL00115,LCMS_MOL00115,1
LCMS results for MOL00115,HPLC_MOL00115,0
LCMS results for MOL00116,LCMS_MOL00116,1
LCMS results for MOL00116,HPLC_MOL00116,0
LCMS results for MOL00117,LCMS_MOL00117,1
LCMS results for MOL00117,HPLC_MOL00117,0
LCMS results for MOL00118,LCMS_MOL00118,1
LCMS results for MOL00118,HPLC_MOL00118,0
LCMS results for MOL00119,LCMS_MOL00119,1
LCMS results for MOL00119,HPLC_MOL00119,0
LCMS results for MOL00120,LCMS_MOL00120,1
LCMS results for MOL00120,HPLC_MOL00120,0
LCMS results for MOL00121,LCMS_MOL00121,1
LCMS results for MOL00121,HPLC_MOL00121,0
LCMS results for MOL00122,LCMS_MOL00122,1
LCMS results for MOL00122,HPLC_MOL00122,0
LCMS results for MOL00123,LCMS_MOL00123,1
LCMS results for MOL00123,HPLC_MOL00123,0
LCMS results for MOL00124,LCMS_MOL00124,1
LCMS results for MOL00124,HPLC_MOL00124,0
LCMS results for MOL00125,LCMS_MOL00125,1
LCMS results for MOL00125,HPLC_MOL00125,0
LCMS results for MOL00126,LCMS_MOL00126,1
LCMS results for MOL00126,HPLC_MOL00126,0
LCMS results for MOL00127,LCMS_MOL00127,1
LCMS results for MOL00127,HPLC_MOL00127,0
LCMS results for MOL00128,LCMS_MOL00128,1
LCMS results for MOL00128,HPLC_MOL00128,0
LCMS results for MOL00129,LCMS_MOL00129,1
LCMS results for MOL00129,HPLC_MOL00129,0
LCMS results for MOL00130,LCMS_MOL00130,1
LCMS results for MOL00130,HPLC_MOL00130,0
LCMS results for MOL00131,LCMS_MOL00131,1
LCMS results for MOL00131,HPLC_MOL00131,0
LCMS results for MOL00132,LCMS_MOL00132,1
LCMS results for MOL00132,HPLC_MOL00132,0
LCMS results for MOL00133,LCMS_MOL00133,1
LCMS results for MOL00133,HPLC_MOL00133,0
LCMS results for MOL00134,LCMS_MOL00134,1
LCMS results for MOL00134,HPLC_MOL00134,0
LCMS results for MOL00135,LCMS_MOL00135,1
LCMS results for MOL00135,HPLC_MOL00135,0
LCMS results for MOL00136,LCMS_MOL00136,1
LCMS results for MOL00136,HPLC_MOL00136,0
LCMS results for MOL00137,LCMS_MOL00137,1
LCMS results for MOL00137,HPLC_MOL00137,0
LCMS results for MOL00138,LCMS_MOL00138,1
LCMS results for MOL00138,HPLC_MOL00138,0
LCMS results for MOL00139,LCMS_MOL00139,1
LCMS results for MOL00139,HPLC_MOL00139,0
LCMS results for MOL00140,LCMS_MOL00140,1
LCMS results for MOL00140,HPLC_MOL00140,0
LCMS results for MOL00141,LCMS_MOL00141,1
LCMS results for MOL00141,HPLC_MOL00141,0
LCMS results for MOL00142,LCMS_MOL00142,1
LCMS results for MOL00142,HPLC_MOL00142,0
LCMS results for MOL00143,LCMS_MOL00143,1
LCMS results for MOL00143,HPLC_MOL00143,0
LCMS results for MOL00144,LCMS_MOL00144,1
LCMS results for MOL00144,HPLC_MOL00144,0
LCMS results for MOL00145,LCMS_MOL00145,1
LCMS results for MOL00145,HPLC_MOL00145,0
LCMS results for MOL00146,LCMS_MOL00146,1
LCMS results for MOL00146,HPLC_MOL00146,0
LCMS results for MOL00147,LCMS_MOL00147,1
LCMS results for MOL00147,HPLC_MOL00147,0
LCMS results for MOL00148,LCMS_MOL00148,1
LCMS results for MOL00148,HPLC_MOL00148,0
LCMS results for MOL00149,LCMS_MOL00149,1
LCMS results for MOL00149,HPLC_MOL00149,0
LCMS results for MOL00150,LCMS_MOL00150,1
LCMS results for MOL00150,HPLC_MOL00150,0
LCMS results for MOL00151,LCMS_MOL00151,1
LCMS results for MOL00151,HPLC_MOL00151,0
LCMS results for MOL00152,LCMS_MOL00152,1
LCMS results for MOL00152,HPLC_MOL00152,0
LCMS results for MOL00153,LCMS_MOL00153,1
LCMS results for MOL00153,HPLC_MOL00153,0
LCMS results for MOL00154,LCMS_MOL00154,1
LCMS results for MOL00154,HPLC_MOL00154,0
LCMS results for MOL00155,LCMS_MOL00155,1
LCMS results for MOL00155,HPLC_MOL00155,0
LCMS results for MOL00156,LCMS_MOL00156,1
LCMS results for MOL00156,HPLC_MOL00156,0
LCMS results for MOL00157,LCMS_MOL00157,1
LCMS results for MOL00157,HPLC_MOL00157,0
LCMS results for MOL00158,LCMS_MOL00158,1
LCMS results for MOL00158,HPLC_MOL00158,0
LCMS results for MOL00159,LCMS_MOL00159,1
LCMS results for MOL00159,HPLC_MOL00159,0
LCMS results for MOL00160,LCMS_MOL00160,1
LCMS results for MOL00160,HPLC_MOL00160,0
LCMS results for MOL00161,LCMS_MOL00161,1
LCMS results for MOL00161,HPLC_MOL00161,0
LCMS results for MOL00162,LCMS_MOL00162,1
LCMS results for MOL00162,HPLC_MOL00162,0
LCMS results for MOL00163,LCMS_MOL00163,1
LCMS results for MOL00163,HPLC_MOL00163,0
LCMS results for MOL00164,LCMS_MOL00164,1
LCMS results for MOL00164,HPLC_MOL00164,0
LCMS results for MOL00165,LCMS_MOL00165,1
LCMS results for MOL00165,HPLC_MOL00165,0
LCMS results for MOL00166,LCMS_MOL00166,1
LCMS results for MOL00166,HPLC_MOL00166,0
LCMS results for MOL00167,LCMS_MOL00167,1
LCMS results for MOL00167,HPLC_MOL00167,0
LCMS results for MOL00168,LCMS_MOL00168,1
LCMS results for MOL00168,HPLC_MOL00168,0
LCMS results for MOL00169,LCMS_MOL00169,1
LCMS results for MOL00169,HPLC_MOL00169,0
LCMS results for MOL00170,LCMS_MOL00170,1
LCMS results for MOL00170,HPLC_MOL00170,0
LCMS results for MOL00171,LCMS_MOL00171,1
LCMS results for MOL00171,HPLC_MOL00171,0
LCMS results for MOL00172,LCMS_MOL00172,1
LCMS results for MOL00172,HPLC_MOL00172,0
LCMS results for MOL00173,LCMS_MOL00173,1
LCMS results for MOL00173,HPLC_MOL00173,0
LCMS results for MOL00174,LCMS_MOL00174,1
LCMS results for MOL00174,HPLC_MOL00174,0
LCMS results for MOL00175,LCMS_MOL00175,1
LCMS results for MOL00175,HPLC_MOL00175,0
LCMS results for MOL00176,LCMS_MOL00176,1
LCMS results for MOL00176,HPLC_MOL00176,0
LCMS results for MOL00177,LCMS_MOL00177,1
LCMS results for MOL00177,HPLC_MOL00177,0
LCMS results for MOL00178,LCMS_MOL00178,1
LCMS results for MOL00178,HPLC_MOL00178,0
LCMS results for MOL00179,LCMS_MOL00179,1
LCMS results for MOL00179,HPLC_MOL00179,0
LCMS results for MOL00180,LCMS_MOL00180,1
LCMS results for MOL00180,HPLC_MOL00180,0
LCMS results for MOL00181,LCMS_MOL00181,1
LCMS results for MOL00181,HPLC_MOL00181,0
LCMS results for MOL00182,LCMS_MOL00182,1
LCMS results for MOL00182,HPLC_MOL00182,0
LCMS results for MOL00183,LCMS_MOL00183,1
LCMS results for MOL00183,HPLC_MOL00183,0
LCMS results for MOL00184,LCMS_MOL00184,1
LCMS results for MOL00184,HPLC_MOL00184,0
LCMS results for MOL00185,LCMS_MOL00185,1
LCMS results for MOL00185,HPLC_MOL00185,0
LCMS results for MOL00186,LCMS_MOL00186,1
LCMS results for MOL00186,HPLC_MOL00186,0
LCMS results for MOL00187,LCMS_MOL00187,1
LCMS results for MOL00187,HPLC_MOL00187,0
LCMS results for MOL00188,LCMS_MOL00188,1
LCMS results for MOL00188,HPLC_MOL00188,0
LCMS results for MOL00189,LCMS_MOL00189,1
LCMS results for MOL00189,HPLC_MOL00189,0
LCMS results for MOL00190,LCMS_MOL00190,1
LCMS results for MOL00190,HPLC_MOL00190,0
LCMS results for MOL00191,LCMS_MOL00191,1
LCMS results for MOL00191,HPLC_MOL00191,0
LCMS results for MOL00192,LCMS_MOL00192,1
LCMS results for MOL00192,HPLC_MOL00192,0
LCMS results for MOL00193,LCMS_MOL00193,1
LCMS results for MOL00193,HPLC_MOL00193,0
LCMS results for MOL00194,LCMS_MOL00194,1
LCMS results for MOL00194,HPLC_MOL00194,0
LCMS results for MOL00195,LCMS_MOL00195,1
LCMS results for MOL00195,HPLC_MOL00195,0
LCMS results for MOL00196,LCMS_MOL00196,1
LCMS results for MOL00196,HPLC_MOL00196,0
LCMS results for MOL00197,LCMS_MOL00197,1
LCMS results for MOL00197,HPLC_MOL00197,0
LCMS results for MOL00198,LCMS_MOL00198,1
LCMS results for MOL00198,HPLC_MOL00198,0
LCMS results for MOL00199,LCMS_MOL00199,1
LCMS results for MOL00199,HPLC_MOL00199,0
LCMS results for MOL00200,LCMS_MOL00200,1
LCMS results for MOL00200,HPLC_MOL00200,0
LCMS results for MOL00201,LCMS_MOL00201,1
LCMS results for MOL00201,HPLC_MOL00201,0
LCMS results for MOL00202,LCMS_MOL00202,1
LCMS results for MOL00202,HPLC_MOL00202,0
LCMS results for MOL00203,LCMS_MOL00203,1
LCMS results for MOL00203,HPLC_MOL00203,0
LCMS results for MOL00204,LCMS_MOL00204,1
LCMS results for MOL00204,HPLC_MOL00204,0
LCMS results for MOL00205,LCMS_MOL00205,1
LCMS results for MOL00205,HPLC_MOL00205,0
LCMS results for MOL00206,LCMS_MOL00206,1
LCMS results for MOL00206,HPLC_MOL00206,0
LCMS results for MOL00207,LCMS_MOL00207,1
LCMS results for MOL00207,HPLC_MOL00207,0
LCMS results for MOL00208,LCMS_MOL00208,1
LCMS results for MOL00208,HPLC_MOL00208,0
LCMS results for MOL00209,LCMS_MOL00209,1
LCMS results for MOL00209,HPLC_MOL00209,0
LCMS results for MOL00210,LCMS_MOL00210,1
LCMS results for MOL00210,HPLC_MOL00210,0
LCMS results for MOL00211,LCMS_MOL00211,1
LCMS results for MOL00211,HPLC_MOL00211,0
LCMS results for MOL00212,LCMS_MOL00212,1
LCMS results for MOL00212,HPLC_MOL00212,0
LCMS results for MOL00213,LCMS_MOL00213,1
LCMS results for MOL00213,HPLC_MOL00213,0
LCMS results for MOL00214,LCMS_MOL00214,1
LCMS results for MOL00214,HPLC_MOL00214,0
LCMS results for MOL00215,LCMS_MOL00215,1
LCMS results for MOL00215,HPLC_MOL00215,0
LCMS results for MOL00216,LCMS_MOL00216,1
LCMS results for MOL00216,HPLC_MOL00216,0
LCMS results for MOL00217,LCMS_MOL00217,1
LCMS results for MOL00217,HPLC_MOL00217,0
LCMS results for MOL00218,LCMS_MOL00218,1
LCMS results for MOL00218,HPLC_MOL00218,0
LCMS results for MOL00219,LCMS_MOL00219,1
LCMS results for MOL00219,HPLC_MOL00219,0
LCMS results for MOL00220,LCMS_MOL00220,1
LCMS results for MOL00220,HPLC_MOL00220,0
LCMS results for MOL00221,LCMS_MOL00221,1
LCMS results for MOL00221,HPLC_MOL00221,0
LCMS results for MOL00222,LCMS_MOL00222,1
LCMS results for MOL00222,HPLC_MOL00222,0
LCMS results for MOL00223,LCMS_MOL00223,1
LCMS results for MOL00223,HPLC_MOL00223,0
LCMS results for MOL00224,LCMS_MOL00224,1
LCMS results for MOL00224,HPLC_MOL00224,0
LCMS results for MOL00225,LCMS_MOL00225,1
LCMS results for MOL00225,HPLC_MOL00225,0
LCMS results for MOL00226,LCMS_MOL00226,1
LCMS results for MOL00226,HPLC_MOL00226,0
LCMS results for MOL00227,LCMS_MOL00227,1
LCMS results for MOL00227,HPLC_MOL00227,0
LCMS results for MOL00228,LCMS_MOL00228,1
LCMS results for MOL00228,HPLC_MOL00228,0
LCMS results for MOL00229,LCMS_MOL00229,1
LCMS results for MOL00229,HPLC_MOL00229,0
LCMS results for MOL00230,LCMS_MOL00230,1
LCMS results for MOL00230,HPLC_MOL00230,0
LCMS results for MOL00231,LCMS_MOL00231,1
LCMS results for MOL00231,HPLC_MOL00231,0
LCMS results for MOL00232,LCMS_MOL00232,1
LCMS results for MOL00232,HPLC_MOL00232,0
LCMS results for MOL00233,LCMS_MOL00233,1
LCMS results for MOL00233,HPLC_MOL00233,0
LCMS results for MOL00234,LCMS_MOL00234,1
LCMS results for MOL00234,HPLC_MOL00234,0
LCMS results for MOL00235,LCMS_MOL00235,1
LCMS results for MOL00235,HPLC_MOL00235,0
LCMS results for MOL00236,LCMS_MOL00236,1
LCMS results for MOL00236,HPLC_MOL00236,0
LCMS results for MOL00237,LCMS_MOL00237,1
LCMS results for MOL00237,HPLC_MOL00237,0
LCMS results for MOL00238,LCMS_MOL00238,1
LCMS results for MOL00238,HPLC_MOL00238,0
LCMS results for MOL00239,LCMS_MOL00239,1
LCMS results for MOL00239,HPLC_MOL00239,0
LCMS results for MOL00240,LCMS_MOL00240,1
LCMS results for MOL00240,HPLC_MOL00240,0
LCMS results for MOL00241,LCMS_MOL00241,1
LCMS results for MOL00241,HPLC_MOL00241,0
LCMS results for MOL00242,LCMS_MOL00242,1
LCMS results for MOL00242,HPLC_MOL00242,0
LCMS results for MOL00243,LCMS_MOL00243,1
LCMS results for MOL00243,HPLC_MOL00243,0
LCMS results for MOL00244,LCMS_MOL00244,1
LCMS results for MOL00244,HPLC_MOL00244,0
LCMS results for MOL00245,LCMS_MOL00245,1
LCMS results for MOL00245,HPLC_MOL00245,0
LCMS results for MOL00246,LCMS_MOL00246,1
LCMS results for MOL00246,HPLC_MOL00246,0
LCMS results for MOL00247,LCMS_MOL00247,1
LCMS results for MOL00247,HPLC_MOL00247,0
LCMS results for MOL00248,LCMS_MOL00248,1
LCMS results for MOL00248,HPLC_MOL00248,0
LCMS results for MOL00249,LCMS_MOL00249,1
LCMS results for MOL00249,HPLC_MOL00249,0
LCMS results for MOL00250,LCMS_MOL00250,1
LCMS results for MOL00250,HPLC_MOL00250,0
LCMS results for MOL00251,LCMS_MOL00251,1
LCMS results for MOL00251,HPLC_MOL00251,0
LCMS results for MOL00252,LCMS_MOL00252,1
LCMS results for MOL00252,HPLC_MOL00252,0
LCMS results for MOL00253,LCMS_MOL00253,1
LCMS results for MOL00253,HPLC_MOL00253,0
LCMS results for MOL00254,LCMS_MOL00254,1
LCMS results for MOL00254,HPLC_MOL00254,0
LCMS results for MOL00255,LCMS_MOL00255,1
LCMS results for MOL00255,HPLC_MOL00255,0
LCMS results for MOL00256,LCMS_MOL00256,1
LCMS results for MOL00256,HPLC_MOL00256,0
LCMS results for MOL00257,LCMS_MOL00257,1
LCMS results for MOL00257,HPLC_MOL00257,0
LCMS results for MOL00258,LCMS_MOL00258,1
LCMS results for MOL00258,HPLC_MOL00258,0
LCMS results for MOL00259,LCMS_MOL00259,1
LCMS results for MOL00259,HPLC_MOL00259,0
LCMS results for MOL00260,LCMS_MOL00260,1
LCMS results for MOL00260,HPLC_MOL00260,0
LCMS results for MOL00261,LCMS_MOL00261,1
LCMS results for MOL00261,HPLC_MOL00261,0
LCMS results for MOL00262,LCMS_MOL00262,1
LCMS results for MOL00262,HPLC_MOL00262,0
LCMS results for MOL00263,LCMS_MOL00263,1
LCMS results for MOL00263,HPLC_MOL00263,0
LCMS results for MOL00264,LCMS_MOL00264,1
LCMS results for MOL00264,HPLC_MOL00264,0
LCMS results for MOL00265,LCMS_MOL00265,1
LCMS results for MOL00265,HPLC_MOL00265,0
LCMS results for MOL00266,LCMS_MOL00266,1
LCMS results for MOL00266,HPLC_MOL00266,0
LCMS results for MOL00267,LCMS_MOL00267,1
LCMS results for MOL00267,HPLC_MOL00267,0
LCMS results for MOL00268,LCMS_MOL00268,1
LCMS results for MOL00268,HPLC_MOL00268,0
LCMS results for MOL00269,LCMS_MOL00269,1
LCMS results for MOL00269,HPLC_MOL00269,0
LCMS results for MOL00270,LCMS_MOL00270,1
LCMS results for MOL00270,HPLC_MOL00270,0
LCMS results for MOL00271,LCMS_MOL00271,1
LCMS results for MOL00271,HPLC_MOL00271,0
LCMS results for MOL00272,LCMS_MOL00272,1
LCMS results for MOL00272,HPLC_MOL00272,0
LCMS results for MOL00273,LCMS_MOL00273,1
LCMS results for MOL00273,HPLC_MOL00273,0
LCMS results for MOL00274,LCMS_MOL00274,1
LCMS results for MOL00274,HPLC_MOL00274,0
LCMS results for MOL00275,LCMS_MOL00275,1
LCMS results for MOL00275,HPLC_MOL00275,0
LCMS results for MOL00276,LCMS_MOL00276,1
LCMS results for MOL00276,HPLC_MOL00276,0
LCMS results for MOL00277,LCMS_MOL00277,1
LCMS results for MOL00277,HPLC_MOL00277,0
LCMS results for MOL00278,LCMS_MOL00278,1
LCMS results for MOL00278,HPLC_MOL00278,0
LCMS results for MOL00279,LCMS_MOL00279,1
LCMS results for MOL00279,HPLC_MOL00279,0
LCMS results for MOL00280,LCMS_MOL00280,1
LCMS results for MOL00280,HPLC_MOL00280,0
LCMS results for MOL00281,LCMS_MOL00281,1
LCMS results for MOL00281,HPLC_MOL00281,0
LCMS results for MOL00282,LCMS_MOL00282,1
LCMS results for MOL00282,HPLC_MOL00282,0
LCMS results for MOL00283,LCMS_MOL00283,1
LCMS results for MOL00283,HPLC_MOL00283,0
LCMS results for MOL00284,LCMS_MOL00284,1
LCMS results for MOL00284,HPLC_MOL00284,0
LCMS results for MOL00285,LCMS_MOL00285,1
LCMS results for MOL00285,HPLC_MOL00285,0
LCMS results for MOL00286,LCMS_MOL00286,1
LCMS results for MOL00286,HPLC_MOL00286,0
LCMS results for MOL00287,LCMS_MOL00287,1
LCMS results for MOL00287,HPLC_MOL00287,0
LCMS results for MOL00288,LCMS_MOL00288,1
LCMS results for MOL00288,HPLC_MOL00288,0
LCMS results for MOL00289,LCMS_MOL00289,1
LCMS results for MOL00289,HPLC_MOL00289,0
LCMS results for MOL00290,LCMS_MOL00290,1
LCMS results for MOL00290,HPLC_MOL00290,0
LCMS results for MOL00291,LCMS_MOL00291,1
LCMS results for MOL00291,HPLC_MOL00291,0
LCMS results for MOL00292,LCMS_MOL00292,1
LCMS results for MOL00292,HPLC_MOL00292,0
LCMS results for MOL00293,LCMS_MOL00293,1
LCMS results for MOL00293,HPLC_MOL00293,0
LCMS results for MOL00294,LCMS_MOL00294,1
LCMS results for MOL00294,HPLC_MOL00294,0
LCMS results for MOL00295,LCMS_MOL00295,1
LCMS results for MOL00295,HPLC_MOL00295,0
LCMS results for MOL00296,LCMS_MOL00296,1
LCMS results for MOL00296,HPLC_MOL00296,0
LCMS results for MOL00297,LCMS_MOL00297,1
LCMS results for MOL00297,HPLC_MOL00297,0
LCMS results for MOL00298,LCMS_MOL00298,1
LCMS results for MOL00298,HPLC_MOL00298,0
LCMS results for MOL00299,LCMS_MOL00299,1
LCMS results for MOL00299,HPLC_MOL00299,0
LCMS results for MOL00300,LCMS_MOL00300,1
LCMS results for MOL00300,HPLC_MOL00300,0
LCMS results for MOL00301,LCMS_MOL00301,1
LCMS results for MOL00301,HPLC_MOL00301,0
LCMS results for MOL00302,LCMS_MOL00302,1
LCMS results for MOL00302,HPLC_MOL00302,0
LCMS results for MOL00303,LCMS_MOL00303,1
LCMS results for MOL00303,HPLC_MOL00303,0
LCMS results for MOL00304,LCMS_MOL00304,1
LCMS results for MOL00304,HPLC_MOL00304,0
LCMS results for MOL00305,LCMS_MOL00305,1
LCMS results for MOL00305,HPLC_MOL00305,0
LCMS results for MOL00306,LCMS_MOL00306,1
LCMS results for MOL00306,HPLC_MOL00306,0
LCMS results for MOL00307,LCMS_MOL00307,1
LCMS results for MOL00307,HPLC_MOL00307,0
LCMS results for MOL00308,LCMS_MOL00308,1
LCMS results for MOL00308,HPLC_MOL00308,0
LCMS results for MOL00309,LCMS_MOL00309,1
LCMS results for MOL00309,HPLC_MOL00309,0
LCMS results for MOL00310,LCMS_MOL00310,1
LCMS results for MOL00310,HPLC_MOL00310,0
LCMS results for MOL00311,LCMS_MOL00311,1
LCMS results for MOL00311,HPLC_MOL00311,0
LCMS results for MOL00312,LCMS_MOL00312,1
LCMS results for MOL00312,HPLC_MOL00312,0
LCMS results for MOL00313,LCMS_MOL00313,1
LCMS results for MOL00313,HPLC_MOL00313,0
LCMS results for MOL00314,LCMS_MOL00314,1
LCMS results for MOL00314,HPLC_MOL00314,0
LCMS results for MOL00315,LCMS_MOL00315,1
LCMS results for MOL00315,HPLC_MOL00315,0
LCMS results for MOL00316,LCMS_MOL00316,1
LCMS results for MOL00316,HPLC_MOL00316,0
LCMS results for MOL00317,LCMS_MOL00317,1
LCMS results for MOL00317,HPLC_MOL00317,0
LCMS results for MOL00318,LCMS_MOL00318,1
LCMS results for MOL00318,HPLC_MOL00318,0
LCMS results for MOL00319,LCMS_MOL00319,1
LCMS results for MOL00319,HPLC_MOL00319,0
LCMS results for MOL00320,LCMS_MOL00320,1
LCMS results for MOL00320,HPLC_MOL00320,0
LCMS results for MOL00321,LCMS_MOL00321,1
LCMS results for MOL00321,HPLC_MOL00321,0
LCMS results for MOL00322,LCMS_MOL00322,1
LCMS results for MOL00322,HPLC_MOL00322,0
LCMS results for MOL00323,LCMS_MOL00323,1
LCMS results for MOL00323,HPLC_MOL00323,0
LCMS results for MOL00324,LCMS_MOL00324,1
LCMS results for MOL00324,HPLC_MOL00324,0
LCMS results for MOL00325,LCMS_MOL00325,1
LCMS results for MOL00325,HPLC_MOL00325,0
LCMS results for MOL00326,LCMS_MOL00326,1
LCMS results for MOL00326,HPLC_MOL00326,0
LCMS results for MOL00327,LCMS_MOL00327,1
LCMS results for MOL00327,HPLC_MOL00327,0
LCMS results for MOL00328,LCMS_MOL00328,1
LCMS results for MOL00328,HPLC_MOL00328,0
LCMS results for MOL00329,LCMS_MOL00329,1
LCMS results for MOL00329,HPLC_MOL00329,0
LCMS results for MOL00330,LCMS_MOL00330,1
LCMS results for MOL00330,HPLC_MOL00330,0
LCMS results for MOL00331,LCMS_MOL00331,1
LCMS results for MOL00331,HPLC_MOL00331,0
LCMS results for MOL00332,LCMS_MOL00332,1
LCMS results for MOL00332,HPLC_MOL00332,0
LCMS results for MOL00333,LCMS_MOL00333,1
LCMS results for MOL00333,HPLC_MOL00333,0
LCMS results for MOL00334,LCMS_MOL00334,1
LCMS results for MOL00334,HPLC_MOL00334,0
LCMS results for MOL00335,LCMS_MOL00335,1
LCMS results for MOL00335,HPLC_MOL00335,0
LCMS results for MOL00336,LCMS_MOL00336,1
LCMS results for MOL00336,HPLC_MOL00336,0
LCMS results for MOL00337,LCMS_MOL00337,1
LCMS results for MOL00337,HPLC_MOL00337,0
LCMS results for MOL00338,LCMS_MOL00338,1
LCMS results for MOL00338,HPLC_MOL00338,0
LCMS results for MOL00339,LCMS_MOL00339,1
LCMS results for MOL00339,HPLC_MOL00339,0
LCMS results for MOL00340,LCMS_MOL00340,1
LCMS results for MOL00340,HPLC_MOL00340,0
LCMS results for MOL00341,LCMS_MOL00341,1
LCMS results for MOL00341,HPLC_MOL00341,0
LCMS results for MOL00342,LCMS_MOL00342,1
LCMS results for MOL00342,HPLC_MOL00342,0
LCMS results for MOL00343,LCMS_MOL00343,1
LCMS results for MOL00343,HPLC_MOL00343,0
LCMS results for MOL00344,LCMS_MOL00344,1
LCMS results for MOL00344,HPLC_MOL00344,0
LCMS results for MOL00345,LCMS_MOL00345,1
LCMS results for MOL00345,HPLC_MOL00345,0
LCMS results for MOL00346,LCMS_MOL00346,1
LCMS results for MOL00346,HPLC_MOL00346,0
LCMS results for MOL00347,LCMS_MOL00347,1
LCMS results for MOL00347,HPLC_MOL00347,0
LCMS results for MOL00348,LCMS_MOL00348,1
LCMS results for MOL00348,HPLC_MOL00348,0
LCMS results for MOL00349,LCMS_MOL00349,1
LCMS results for MOL00349,HPLC_MOL00349,0
LCMS results for MOL00350,LCMS_MOL00350,1
LCMS results for MOL00350,HPLC_MOL00350,0
LCMS results for MOL00351,LCMS_MOL00351,1
LCMS results for MOL00351,HPLC_MOL00351,0
LCMS results for MOL00352,LCMS_MOL00352,1
LCMS results for MOL00352,HPLC_MOL00352,0
LCMS results for MOL00353,LCMS_MOL00353,1
LCMS results for MOL00353,HPLC_MOL00353,0
LCMS results for MOL00354,LCMS_MOL00354,1
LCMS results for MOL00354,HPLC_MOL00354,0
LCMS results for MOL00355,LCMS_MOL00355,1
LCMS results for MOL00355,HPLC_MOL00355,0
LCMS results for MOL00356,LCMS_MOL00356,1
LCMS results for MOL00356,HPLC_MOL00356,0
LCMS results for MOL00357,LCMS_MOL00357,1
LCMS results for MOL00357,HPLC_MOL00357,0
LCMS results for MOL00358,LCMS_MOL00358,1
LCMS results for MOL00358,HPLC_MOL00358,0
LCMS results for MOL00359,LCMS_MOL00359,1
LCMS results for MOL00359,HPLC_MOL00359,0
LCMS results for MOL00360,LCMS_MOL00360,1
LCMS results for MOL00360,HPLC_MOL00360,0
LCMS results for MOL00361,LCMS_MOL00361,1
LCMS results for MOL00361,HPLC_MOL00361,0
LCMS results for MOL00362,LCMS_MOL00362,1
LCMS results for MOL00362,HPLC_MOL00362,0
LCMS results for MOL00363,LCMS_MOL00363,1
LCMS results for MOL00363,HPLC_MOL00363,0
LCMS results for MOL00364,LCMS_MOL00364,1
LCMS results for MOL00364,HPLC_MOL00364,0
LCMS results for MOL00365,LCMS_MOL00365,1
LCMS results for MOL00365,HPLC_MOL00365,0
LCMS results for MOL00366,LCMS_MOL00366,1
LCMS results for MOL00366,HPLC_MOL00366,0
LCMS results for MOL00367,LCMS_MOL00367,1
LCMS results for MOL00367,HPLC_MOL00367,0
LCMS results for MOL00368,LCMS_MOL00368,1
LCMS results for MOL00368,HPLC_MOL00368,0
LCMS results for MOL00369,LCMS_MOL00369,1
LCMS results for MOL00369,HPLC_MOL00369,0
LCMS results for MOL00370,LCMS_MOL00370,1
LCMS results for MOL00370,HPLC_MOL00370,0
LCMS results for MOL00371,LCMS_MOL00371,1
LCMS results for MOL00371,HPLC_MOL00371,0
LCMS results for MOL00372,LCMS_MOL00372,1
LCMS results for MOL00372,HPLC_MOL00372,0
LCMS results for MOL00373,LCMS_MOL00373,1
LCMS results for MOL00373,HPLC_MOL00373,0
LCMS results for MOL00374,LCMS_MOL00374,1
LCMS results for MOL00374,HPLC_MOL00374,0
LCMS results for MOL00375,LCMS_MOL00375,1
LCMS results for MOL00375,HPLC_MOL00375,0
LCMS results for MOL00376,LCMS_MOL00376,1
LCMS results for MOL00376,HPLC_MOL00376,0
LCMS results for MOL00377,LCMS_MOL00377,1
LCMS results for MOL00377,HPLC_MOL00377,0
LCMS results for MOL00378,LCMS_MOL00378,1
LCMS results for MOL00378,HPLC_MOL00378,0
LCMS results for MOL00379,LCMS_MOL00379,1
LCMS results for MOL00379,HPLC_MOL00379,0
LCMS results for MOL00380,LCMS_MOL00380,1
LCMS results for MOL00380,HPLC_MOL00380,0
LCMS results for MOL00381,LCMS_MOL00381,1
LCMS results for MOL00381,HPLC_MOL00381,0
LCMS results for MOL00382,LCMS_MOL00382,1
LCMS results for MOL00382,HPLC_MOL00382,0
LCMS results for MOL00383,LCMS_MOL00383,1
LCMS results for MOL00383,HPLC_MOL00383,0
LCMS results for MOL00384,LCMS_MOL00384,1
LCMS results for MOL00384,HPLC_MOL00384,0
LCMS results for MOL00385,LCMS_MOL00385,1
LCMS results for MOL00385,HPLC_MOL00385,0
LCMS results for MOL00386,LCMS_MOL00386,1
LCMS results for MOL00386,HPLC_MOL00386,0
LCMS results for MOL00387,LCMS_MOL00387,1
LCMS results for MOL00387,HPLC_MOL00387,0
LCMS results for MOL00388,LCMS_MOL00388,1
LCMS results for MOL00388,HPLC_MOL00388,0
LCMS results for MOL00389,LCMS_MOL00389,1
LCMS results for MOL00389,HPLC_MOL00389,0
LCMS results for MOL00390,LCMS_MOL00390,1
LCMS results for MOL00390,HPLC_MOL00390,0
LCMS results for MOL00391,LCMS_MOL00391,1
LCMS results for MOL00391,HPLC_MOL00391,0
LCMS results for MOL00392,LCMS_MOL00392,1
LCMS results for MOL00392,HPLC_MOL00392,0
LCMS results for MOL00393,LCMS_MOL00393,1
LCMS results for MOL00393,HPLC_MOL00393,0
LCMS results for MOL00394,LCMS_MOL00394,1
LCMS results for MOL00394,HPLC_MOL00394,0
LCMS results for MOL00395,LCMS_MOL00395,1
LCMS results for MOL00395,HPLC_MOL00395,0
LCMS results for MOL00396,LCMS_MOL00396,1
LCMS results for MOL00396,HPLC_MOL00396,0
LCMS results for MOL00397,LCMS_MOL00397,1
LCMS results for MOL00397,HPLC_MOL00397,0
LCMS results for MOL00398,LCMS_MOL00398,1
LCMS results for MOL00398,HPLC_MOL00398,0
LCMS results for MOL00399,LCMS_MOL00399,1
LCMS results for MOL00399,HPLC_MOL00399,0
LCMS results for MOL00400,LCMS_MOL00400,1
LCMS results for MOL00400,HPLC_MOL00400,0
LCMS results for MOL00401,LCMS_MOL00401,1
LCMS results for MOL00401,HPLC_MOL00401,0
LCMS results for MOL00402,LCMS_MOL00402,1
LCMS results for MOL00402,HPLC_MOL00402,0
LCMS results for MOL00403,LCMS_MOL00403,1
LCMS results for MOL00403,HPLC_MOL00403,0
LCMS results for MOL00404,LCMS_MOL00404,1
LCMS results for MOL00404,HPLC_MOL00404,0
LCMS results for MOL00405,LCMS_MOL00405,1
LCMS results for MOL00405,HPLC_MOL00405,0
LCMS results for MOL00406,LCMS_MOL00406,1
LCMS results for MOL00406,HPLC_MOL00406,0
LCMS results for MOL00407,LCMS_MOL00407,1
LCMS results for MOL00407,HPLC_MOL00407,0
LCMS results for MOL00408,LCMS_MOL00408,1
LCMS results for MOL00408,HPLC_MOL00408,0
LCMS results for MOL00409,LCMS_MOL00409,1
LCMS results for MOL00409,HPLC_MOL00409,0
LCMS results for MOL00410,LCMS_MOL00410,1
LCMS results for MOL00410,HPLC_MOL00410,0
LCMS results for MOL00411,LCMS_MOL00411,1
LCMS results for MOL00411,HPLC_MOL00411,0
LCMS results for MOL00412,LCMS_MOL00412,1
LCMS results for MOL00412,HPLC_MOL00412,0
LCMS results for MOL00413,LCMS_MOL00413,1
LCMS results for MOL00413,HPLC_MOL00413,0
LCMS results for MOL00414,LCMS_MOL00414,1
LCMS results for MOL00414,HPLC_MOL00414,0
LCMS results for MOL00415,LCMS_MOL00415,1
LCMS results for MOL00415,HPLC_MOL00415,0
LCMS results for MOL00416,LCMS_MOL00416,1
LCMS results for MOL00416,HPLC_MOL00416,0
LCMS results for MOL00417,LCMS_MOL00417,1
LCMS results for MOL00417,HPLC_MOL00417,0
LCMS results for MOL00418,LCMS_MOL00418,1
LCMS results for MOL00418,HPLC_MOL00418,0
LCMS results for MOL00419,LCMS_MOL00419,1
LCMS results for MOL00419,HPLC_MOL00419,0
LCMS results for MOL00420,LCMS_MOL00420,1
LCMS results for MOL00420,HPLC_MOL00420,0
LCMS results for MOL00421,LCMS_MOL00421,1
LCMS results for MOL00421,HPLC_MOL00421,0
LCMS results for MOL00422,LCMS_MOL00422,1
LCMS results for MOL00422,HPLC_MOL00422,0
LCMS results for MOL00423,LCMS_MOL00423,1
LCMS results for MOL00423,HPLC_MOL00423,0
LCMS results for MOL00424,LCMS_MOL00424,1
LCMS results for MOL00424,HPLC_MOL00424,0
LCMS results for MOL00425,LCMS_MOL00425,1
LCMS results for MOL00425,HPLC_MOL00425,0
LCMS results for MOL00426,LCMS_MOL00426,1
LCMS results for MOL00426,HPLC_MOL00426,0
LCMS results for MOL00427,LCMS_MOL00427,1
LCMS results for MOL00427,HPLC_MOL00427,0
LCMS results for MOL00428,LCMS_MOL00428,1
LCMS results for MOL00428,HPLC_MOL00428,0
LCMS results for MOL00429,LCMS_MOL00429,1
LCMS results for MOL00429,HPLC_MOL00429,0
LCMS results for MOL00430,LCMS_MOL00430,1
LCMS results for MOL00430,HPLC_MOL00430,0
LCMS results for MOL00431,LCMS_MOL00431,1
LCMS results for MOL00431,HPLC_MOL00431,0
LCMS results for MOL00432,LCMS_MOL00432,1
LCMS results for MOL00432,HPLC_MOL00432,0
LCMS results for MOL00433,LCMS_MOL00433,1
LCMS results for MOL00433,HPLC_MOL00433,0
LCMS results for MOL00434,LCMS_MOL00434,1
LCMS results for MOL00434,HPLC_MOL00434,0
LCMS results for MOL00435,LCMS_MOL00435,1
LCMS results for MOL00435,HPLC_MOL00435,0
LCMS results for MOL00436,LCMS_MOL00436,1
LCMS results for MOL00436,HPLC_MOL00436,0
LCMS results for MOL00437,LCMS_MOL00437,1
LCMS results for MOL00437,HPLC_MOL00437,0
LCMS results for MOL00438,LCMS_MOL00438,1
LCMS results for MOL00438,HPLC_MOL00438,0
LCMS results for MOL00439,LCMS_MOL00439,1
LCMS results for MOL00439,HPLC_MOL00439,0
LCMS results for MOL00440,LCMS_MOL00440,1
LCMS results for MOL00440,HPLC_MOL00440,0
LCMS results for MOL00441,LCMS_MOL00441,1
LCMS results for MOL00441,HPLC_MOL00441,0
LCMS results for MOL00442,LCMS_MOL00442,1
LCMS results for MOL00442,HPLC_MOL00442,0
LCMS results for MOL00443,LCMS_MOL00443,1
LCMS results for MOL00443,HPLC_MOL00443,0
LCMS results for MOL00444,LCMS_MOL00444,1
LCMS results for MOL00444,HPLC_MOL00444,0
LCMS results for MOL00445,LCMS_MOL00445,1
LCMS results for MOL00445,HPLC_MOL00445,0
LCMS results for MOL00446,LCMS_MOL00446,1
LCMS results for MOL00446,HPLC_MOL00446,0
LCMS results for MOL00447,LCMS_MOL00447,1
LCMS results for MOL00447,HPLC_MOL00447,0
LCMS results for MOL00448,LCMS_MOL00448,1
LCMS results for MOL00448,HPLC_MOL00448,0
LCMS results for MOL00449,LCMS_MOL00449,1
LCMS results for MOL00449,HPLC_MOL00449,0
LCMS results for MOL00450,LCMS_MOL00450,1
LCMS results for MOL00450,HPLC_MOL00450,0
LCMS results for MOL00451,LCMS_MOL00451,1
LCMS results for MOL00451,HPLC_MOL00451,0
LCMS results for MOL00452,LCMS_MOL00452,1
LCMS results for MOL00452,HPLC_MOL00452,0
LCMS results for MOL00453,LCMS_MOL00453,1
LCMS results for MOL00453,HPLC_MOL00453,0
LCMS results for MOL00454,LCMS_MOL00454,1
LCMS results for MOL00454,HPLC_MOL00454,0
LCMS results for MOL00455,LCMS_MOL00455,1
LCMS results for MOL00455,HPLC_MOL00455,0
LCMS results for MOL00456,LCMS_MOL00456,1
LCMS results for MOL00456,HPLC_MOL00456,0
LCMS results for MOL00457,LCMS_MOL00457,1
LCMS results for MOL00457,HPLC_MOL00457,0
LCMS results for MOL00458,LCMS_MOL00458,1
LCMS results for MOL00458,HPLC_MOL00458,0
LCMS results for MOL00459,LCMS_MOL00459,1
LCMS results for MOL00459,HPLC_MOL00459,0
LCMS results for MOL00460,LCMS_MOL00460,1
LCMS results for MOL00460,HPLC_MOL00460,0
LCMS results for MOL00461,LCMS_MOL00461,1
LCMS results for MOL00461,HPLC_MOL00461,0
LCMS results for MOL00462,LCMS_MOL00462,1
LCMS results for MOL00462,HPLC_MOL00462,0
LCMS results for MOL00463,LCMS_MOL00463,1
LCMS results for MOL00463,HPLC_MOL00463,0
LCMS results for MOL00464,LCMS_MOL00464,1
LCMS results for MOL00464,HPLC_MOL00464,0
LCMS results for MOL00465,LCMS_MOL00465,1
LCMS results for MOL00465,HPLC_MOL00465,0
LCMS results for MOL00466,LCMS_MOL00466,1
LCMS results for MOL00466,HPLC_MOL00466,0
LCMS results for MOL00467,LCMS_MOL00467,1
LCMS results for MOL00467,HPLC_MOL00467,0
LCMS results for MOL00468,LCMS_MOL00468,1
LCMS results for MOL00468,HPLC_MOL00468,0
LCMS results for MOL00469,LCMS_MOL00469,1
LCMS results for MOL00469,HPLC_MOL00469,0
LCMS results for MOL00470,LCMS_MOL00470,1
LCMS results for MOL00470,HPLC_MOL00470,0
LCMS results for MOL00471,LCMS_MOL00471,1
LCMS results for MOL00471,HPLC_MOL00471,0
LCMS results for MOL00472,LCMS_MOL00472,1
LCMS results for MOL00472,HPLC_MOL00472,0
LCMS results for MOL00473,LCMS_MOL00473,1
LCMS results for MOL00473,HPLC_MOL00473,0
LCMS results for MOL00474,LCMS_MOL00474,1
LCMS results for MOL00474,HPLC_MOL00474,0
LCMS results for MOL00475,LCMS_MOL00475,1
LCMS results for MOL00475,HPLC_MOL00475,0
LCMS results for MOL00476,LCMS_MOL00476,1
LCMS results for MOL00476,HPLC_MOL00476,0
LCMS results for MOL00477,LCMS_MOL00477,1
LCMS results for MOL00477,HPLC_MOL00477,0
LCMS results for MOL00478,LCMS_MOL00478,1
LCMS results for MOL00478,HPLC_MOL00478,0
LCMS results for MOL00479,LCMS_MOL00479,1
LCMS results for MOL00479,HPLC_MOL00479,0
LCMS results for MOL00480,LCMS_MOL00480,1
LCMS results for MOL00480,HPLC_MOL00480,0
LCMS results for MOL00481,LCMS_MOL00481,1
LCMS results for MOL00481,HPLC_MOL00481,0
LCMS results for MOL00482,LCMS_MOL00482,1
LCMS results for MOL00482,HPLC_MOL00482,0
LCMS results for MOL00483,LCMS_MOL00483,1
LCMS results for MOL00483,HPLC_MOL00483,0
LCMS results for MOL00484,LCMS_MOL00484,1
LCMS results for MOL00484,HPLC_MOL00484,0
LCMS results for MOL00485,LCMS_MOL00485,1
LCMS results for MOL00485,HPLC_MOL00485,0
LCMS results for MOL00486,LCMS_MOL00486,1
LCMS results for MOL00486,HPLC_MOL00486,0
LCMS results for MOL00487,LCMS_MOL00487,1
LCMS results for MOL00487,HPLC_MOL00487,0
LCMS results for MOL00488,LCMS_MOL00488,1
LCMS results for MOL00488,HPLC_MOL00488,0
LCMS results for MOL00489,LCMS_MOL00489,1
LCMS results for MOL00489,HPLC_MOL00489,0
LCMS results for MOL00490,LCMS_MOL00490,1
LCMS results for MOL00490,HPLC_MOL00490,0
LCMS results for MOL00491,LCMS_MOL00491,1
LCMS results for MOL00491,HPLC_MOL00491,0
LCMS results for MOL00492,LCMS_MOL00492,1
LCMS results for MOL00492,HPLC_MOL00492,0
LCMS results for MOL00493,LCMS_MOL00493,1
LCMS results for MOL00493,HPLC_MOL00493,0
LCMS results for MOL00494,LCMS_MOL00494,1
LCMS results for MOL00494,HPLC_MOL00494,0
LCMS results for MOL00495,LCMS_MOL00495,1
LCMS results for MOL00495,HPLC_MOL00495,0
LCMS results for MOL00496,LCMS_MOL00496,1
LCMS results for MOL00496,HPLC_MOL00496,0
LCMS results for MOL00497,LCMS_MOL00497,1
LCMS results for MOL00497,HPLC_MOL00497,0
LCMS results for MOL00498,LCMS_MOL00498,1
LCMS results for MOL00498,HPLC_MOL00498,0
LCMS results for MOL00499,LCMS_MOL00499,1
LCMS results for MOL00499,HPLC_MOL00499,0
